title,price,discont,shipping
Original OnePlus 8Pro/8/7TPro/7T/7/7 Pro/6T/6/5T Sandstone Nylon Back Cover Case,US $13.93,10% off,Free shipping
T9 Ultra Android 9.0 Quad Core 4GB RAM 64GB Storage 6K 2.4G/5G WIFI Smart TV Box,US $35.99,,Free shipping
Xbox Wireless Controller and Cable for Windows + Ori and the Will of the Wisps,US $53.99,19% off,
"Motorola Talkabout T261TP Two-Way Radio, 25 Mile, 3 Pack, Lime",US $63.99,25% off,
Homesmart Red Multi-function Automatic Lifting Hot Pot 1200 watts 120v,US $134.99,27% off,
Canon EOS R Mirrorless Digital Camera Body 30.3 MP Full-Frame,"US $1,649.95",28% off,
Sony Alpha a7R III Mirrorless Digital Camera Body - ILCE7RM3/B,"US $2,279.95",29% off,
Nikon D750 Digital SLR Camera Body 24.3MP FX-format Brand New,"US $1,119.95",,
Nikon D5600 Digital SLR Camera Black + 3 Lens: 18-55mm VR Lens + 32GB Bundle,US $599.95,31% off,
Skagen Women's Watch 817SXWC1,US $116.01,53% off,
Canon PowerShot G7x Mark II 20.1MP Digital Camera 4.2x Optical Zoom Full-HD,US $509.95,32% off,
Canon EOS 80D Camera + 18-55mm stm + 75-300mm + 30 Piece Accessory Bundle,"US $1,029.95",31% off,
Canon Rebel T6 / 1300D DSLR Camera + 18-55mm 3 Lens Kit + 16GB Top Value Bundle,US $399.95,37% off,
Caravelle New York Ladies' Melissa Chronograph Watch 43L159,US $73.06,23% off,
Invicta  Lupah 0399  Leather  Watch,US $70.59,90% off,
Invicta Men's Pro Diver Stainless Steel 43mm Quartz Watch 30609-30618,US $62.94,,
Sony Alpha a7 III Mirrorless Digital Camera Body - ILCE7M3/B,"US $1,729.95",13% off,
Canon EOS 80D 24.2MP Digital SLR Camera Body,US $764.95,30% off,
